Track Name,LTMPno
Variants: MTFAB194_S289_L001_R_001,#003
Variants: MTFAB195_S290_L001_R_001,#027
Variants: MTFAB196_S291_L001_R_001,#052
Variants: MTFAB197_S292_L001_R_001,#077
Variants: MTFAB198_S293_L001_R_001,#099
Variants: MTFAB199_S294_L001_R_001,#115
Variants: MTFAB200_S295_L001_R_001,#129
Variants: MTFAB201_S296_L001_R_001,#191
Variants: MTFAB202_S297_L001_R_001,#004
Variants: MTFAB203_S298_L001_R_001,#031
Variants: MTFAB204_S299_L001_R_001,#056
Variants: MTFAB205_S300_L001_R_001,#081
Variants: MTFAB206_S301_L001_R_001,#100
Variants: MTFAB207_S302_L001_R_001,#116
Variants: MTFAB208_S303_L001_R_001,#131
Variants: MTFAB209_S304_L001_R_001,#193
Variants: MTFAB210_S305_L001_R_001,#005
Variants: MTFAB211_S306_L001_R_001,#032
Variants: MTFAB212_S307_L001_R_001,#057
Variants: MTFAB213_S308_L001_R_001,#083
Variants: MTFAB214_S309_L001_R_001,#119
Variants: MTFAB215_S310_L001_R_001,#117
Variants: MTFAB216_S311_L001_R_001,#132
Variants: MTFAB217_S312_L001_R_001,#194
Variants: MTFAB218_S313_L001_R_001,#006
Variants: MTFAB219_S314_L001_R_001,#033
Variants: MTFAB220_S315_L001_R_001,#058
Variants: MTFAB221_S316_L001_R_001,#084
Variants: MTFAB222_S317_L001_R_001,#102
Variants: MTFAB223_S318_L001_R_001,#118
Variants: MTFAB224_S319_L001_R_001,#134
Variants: MTFAB225_S320_L001_R_001,#196
Variants: MTFAB226_S321_L001_R_001,#009
Variants: MTFAB227_S322_L001_R_001,#034
Variants: MTFAB228_S323_L001_R_001,#063
Variants: MTFAB229_S324_L001_R_001,#085
Variants: MTFAB230_S325_L001_R_001,#105
Variants: MTFAB231_S326_L001_R_001,#120
Variants: MTFAB232_S327_L001_R_001,#136
Variants: MTFAB233_S328_L001_R_001,#197
Variants: MTFAB234_S329_L001_R_001,#010
Variants: MTFAB235_S330_L001_R_001,#036
Variants: MTFAB236_S331_L001_R_001,#062
Variants: MTFAB237_S332_L001_R_001,#086
Variants: MTFAB238_S333_L001_R_001,#106
Variants: MTFAB239_S334_L001_R_001,#121
Variants: MTFAB240_S335_L001_R_001,#137
Variants: MTFAB241_S336_L001_R_001,#198
Variants: MTFAB242_S337_L001_R_001,#012
Variants: MTFAB243_S338_L001_R_001,#037
Variants: MTFAB244_S339_L001_R_001,#064
Variants: MTFAB245_S340_L001_R_001,#087
Variants: MTFAB246_S341_L001_R_001,#109
Variants: MTFAB247_S342_L001_R_001,#123
Variants: MTFAB248_S343_L001_R_001,#139
Variants: MTFAB249_S344_L001_R_001,#199
Variants: MTFAB250_S345_L001_R_001,#014
Variants: MTFAB251_S346_L001_R_001,#038
Variants: MTFAB252_S347_L001_R_001,#065
Variants: MTFAB253_S348_L001_R_001,#089
Variants: MTFAB254_S349_L001_R_001,#110
Variants: MTFAB255_S350_L001_R_001,#124
Variants: MTFAB256_S351_L001_R_001,#142
Variants: MTFAB257_S352_L001_R_001,#107
Variants: MTFAB258_S353_L001_R_001,#015
Variants: MTFAB259_S354_L001_R_001,#040
Variants: MTFAB260_S355_L001_R_001,#073
Variants: MTFAB261_S356_L001_R_001,#090
Variants: MTFAB262_S357_L001_R_001,#111
Variants: MTFAB263_S358_L001_R_001,#125
Variants: MTFAB264_S359_L001_R_001,#144
Variants: MTFAB265_S360_L001_R_001,#251
Variants: MTFAB266_S361_L001_R_001,#016
Variants: MTFAB267_S362_L001_R_001,#042
Variants: MTFAB268_S363_L001_R_001,#074
Variants: MTFAB269_S364_L001_R_001,#092
Variants: MTFAB270_S365_L001_R_001,#112
Variants: MTFAB271_S366_L001_R_001,#126
Variants: MTFAB272_S367_L001_R_001,#156
Variants: MTFAB273_S368_L001_R_001,#051
Variants: MTFAB274_S369_L001_R_001,#019
Variants: MTFAB275_S370_L001_R_001,#046
Variants: MTFAB276_S371_L001_R_001,#075
Variants: MTFAB277_S372_L001_R_001,#096
Variants: MTFAB278_S373_L001_R_001,#113
Variants: MTFAB279_S374_L001_R_001,#127
Variants: MTFAB280_S375_L001_R_001,#157
Variants: MTFAB281_S376_L001_R_001,#254
Variants: MTFAB282_S377_L001_R_001,#025
Variants: MTFAB283_S378_L001_R_001,#048
Variants: MTFAB284_S379_L001_R_001,#076
Variants: MTFAB285_S380_L001_R_001,#098
Variants: MTFAB286_S381_L001_R_001,#122
Variants: MTFAB287_S382_L001_R_001,#130
Variants: MTFAB288_S383_L001_R_001,#159
Variants: MTFAB289_S1_L001_R_001,#003
Variants: MTFAB290_S2_L001_R_001,#027
Variants: MTFAB291_S3_L001_R_001,#052
Variants: MTFAB292_S4_L001_R_001,#077
Variants: MTFAB293_S5_L001_R_001,#099
Variants: MTFAB294_S6_L001_R_001,#115
Variants: MTFAB295_S7_L001_R_001,#129
Variants: MTFAB296_S8_L001_R_001,#191
Variants: MTFAB297_S9_L001_R_001,#004
Variants: MTFAB298_S10_L001_R_001,#031
Variants: MTFAB299_S11_L001_R_001,#056
Variants: MTFAB300_S12_L001_R_001,#081
Variants: MTFAB301_S13_L001_R_001,#100
Variants: MTFAB302_S14_L001_R_001,#116
Variants: MTFAB303_S15_L001_R_001,#131
Variants: MTFAB304_S16_L001_R_001,#193
Variants: MTFAB305_S17_L001_R_001,#005
Variants: MTFAB306_S18_L001_R_001,#032
Variants: MTFAB307_S19_L001_R_001,#057
Variants: MTFAB308_S20_L001_R_001,#083
Variants: MTFAB309_S21_L001_R_001,#119
Variants: MTFAB310_S22_L001_R_001,#117
Variants: MTFAB311_S23_L001_R_001,#132
Variants: MTFAB312_S24_L001_R_001,#194
Variants: MTFAB313_S25_L001_R_001,#006
Variants: MTFAB314_S26_L001_R_001,#033
Variants: MTFAB315_S27_L001_R_001,#058
Variants: MTFAB316_S28_L001_R_001,#084
Variants: MTFAB317_S29_L001_R_001,#102
Variants: MTFAB318_S30_L001_R_001,#118
Variants: MTFAB319_S31_L001_R_001,#134
Variants: MTFAB320_S32_L001_R_001,#196
Variants: MTFAB321_S33_L001_R_001,#009
Variants: MTFAB322_S34_L001_R_001,#034
Variants: MTFAB323_S35_L001_R_001,#063
Variants: MTFAB324_S36_L001_R_001,#085
Variants: MTFAB325_S37_L001_R_001,#105
Variants: MTFAB326_S38_L001_R_001,#120
Variants: MTFAB327_S39_L001_R_001,#136
Variants: MTFAB328_S40_L001_R_001,#197
Variants: MTFAB329_S41_L001_R_001,#010
Variants: MTFAB330_S42_L001_R_001,#036
Variants: MTFAB331_S43_L001_R_001,#062
Variants: MTFAB332_S44_L001_R_001,#086
Variants: MTFAB333_S45_L001_R_001,#106
Variants: MTFAB334_S46_L001_R_001,#121
Variants: MTFAB335_S47_L001_R_001,#137
Variants: MTFAB336_S48_L001_R_001,#198
Variants: MTFAB337_S49_L001_R_001,#012
Variants: MTFAB338_S50_L001_R_001,#037
Variants: MTFAB339_S51_L001_R_001,#064
Variants: MTFAB340_S52_L001_R_001,#087
Variants: MTFAB341_S53_L001_R_001,#109
Variants: MTFAB342_S54_L001_R_001,#123
Variants: MTFAB343_S55_L001_R_001,#139
Variants: MTFAB344_S56_L001_R_001,#199
Variants: MTFAB345_S57_L001_R_001,#014
Variants: MTFAB346_S58_L001_R_001,#038
Variants: MTFAB347_S59_L001_R_001,#065
Variants: MTFAB348_S60_L001_R_001,#089
Variants: MTFAB349_S61_L001_R_001,#110
Variants: MTFAB350_S62_L001_R_001,#124
Variants: MTFAB351_S63_L001_R_001,#142
Variants: MTFAB352_S64_L001_R_001,#107
Variants: MTFAB353_S65_L001_R_001,#015
Variants: MTFAB354_S66_L001_R_001,#040
Variants: MTFAB355_S67_L001_R_001,#073
Variants: MTFAB356_S68_L001_R_001,#090
Variants: MTFAB357_S69_L001_R_001,#111
Variants: MTFAB358_S70_L001_R_001,#125
Variants: MTFAB359_S71_L001_R_001,#144
Variants: MTFAB360_S72_L001_R_001,#251
Variants: MTFAB361_S73_L001_R_001,#016
Variants: MTFAB362_S74_L001_R_001,#042
Variants: MTFAB363_S75_L001_R_001,#074
Variants: MTFAB364_S76_L001_R_001,#092
Variants: MTFAB365_S77_L001_R_001,#112
Variants: MTFAB366_S78_L001_R_001,#126
Variants: MTFAB367_S79_L001_R_001,#156
Variants: MTFAB368_S80_L001_R_001,#051
Variants: MTFAB369_S81_L001_R_001,#019
Variants: MTFAB370_S82_L001_R_001,#046
Variants: MTFAB371_S83_L001_R_001,#075
Variants: MTFAB372_S84_L001_R_001,#096
Variants: MTFAB373_S85_L001_R_001,#113
Variants: MTFAB374_S86_L001_R_001,#127
Variants: MTFAB375_S87_L001_R_001,#157
Variants: MTFAB376_S88_L001_R_001,#254
Variants: MTFAB377_S89_L001_R_001,#025
Variants: MTFAB378_S90_L001_R_001,#048
Variants: MTFAB379_S91_L001_R_001,#076
Variants: MTFAB380_S92_L001_R_001,#098
Variants: MTFAB381_S93_L001_R_001,#122
Variants: MTFAB382_S94_L001_R_001,#130
Variants: MTFAB383_S95_L001_R_001,#159